Block,State,address,latitude,longitude
110010109002039,District of Columbia,"Anacostia Freeway, Washington, District of Columbia, 20375, United States of America",38.801547,-77.02967199999995
110010109002039,District of Columbia,"Anacostia Freeway, Washington, District of Columbia, 20375, United States of America",38.811547,-77.02967199999995
110010109002008,District of Columbia,"Anacostia Freeway, Washington, District of Columbia, 20375, United States of America",38.811547,-77.01967199999994
110010073011033,District of Columbia,"Laboratory Road Southwest, Blue Plains - DC Water Treatment Plant, Washington, District of Columbia, 20375, United States of America",38.821546999999995,-77.02967199999995
110010073011124,District of Columbia,"Laboratory Road Southwest, Blue Plains - DC Water Treatment Plant, Washington, District of Columbia, 20375, United States of America",38.821546999999995,-77.01967199999994
110010109001001,District of Columbia,"145, Ivanhoe Street Southwest, Bellevue, Washington, District of Columbia, 20032, United States of America",38.821546999999995,-77.00967199999994
110010073011010,District of Columbia,"Mc Guire Avenue Southeast, Washington, District of Columbia, 20032, United States of America",38.83154699999999,-77.02967199999995
110010073011078,District of Columbia,"1582, Eglin Way Southwest, Washington, District of Columbia, 20332, United States of America",38.83154699999999,-77.01967199999994
110010098071011,District of Columbia,"4000, Martin Luther King Jr Avenue Southwest, Washington, District of Columbia, 20032, United States of America",38.83154699999999,-77.00967199999994
110010098021001,District of Columbia,"422, Condon Terrace Southeast, Washington Highlands, Washington, District of Columbia, 20032, United States of America",38.83154699999999,-76.99967199999993
110010097001016,District of Columbia,"893, Bellevue Street Southeast, Washington Highlands, Washington, District of Columbia, 20032, United States of America",38.83154699999999,-76.98967199999993
110010073011010,District of Columbia,"Thomas Avenue, Fort Barnard Heights, Arlington, Arlington County, Virginia, 22202, United States of America",38.84154699999999,-77.02967199999995
110010073011014,District of Columbia,"Child Development Center I, 4456, Tinker Street Southwest, Washington, District of Columbia, 20332, United States of America",38.84154699999999,-77.01967199999994
110010073011045,District of Columbia,"32, Dinger Street Southwest, Capitol Hill, Washington, District of Columbia, 20032, United States of America",38.84154699999999,-77.00967199999994
110010098042003,District of Columbia,"3307, 5th Street Southeast, Congress Heights, Capitol Hill, Washington, District of Columbia, 20032, United States of America",38.84154699999999,-76.99967199999993
110010073042005,District of Columbia,"1207, Congress Street Southeast, Congress Heights, Capitol Hill, Washington, District of Columbia, 20032, United States of America",38.84154699999999,-76.98967199999993
110010073041009,District of Columbia,"Mississippi Avenue Southeast, Washington, District of Columbia, 20020, United States of America",38.84154699999999,-76.97967199999992
110010073011010,District of Columbia,"Aviation Circle - departures, Fort Barnard Heights, Arlington, Arlington County, Virginia, 22202, United States of America",38.85154699999999,-77.02967199999995
110010073011008,District of Columbia,"Mac Dill Boulevard Southwest, Capitol Hill, Washington, District of Columbia, 20032, United States of America",38.85154699999999,-77.01967199999994
110010073011022,District of Columbia,"415, DIA Acces Southwest Road, Capitol Hill, Washington, District of Columbia, 20032, United States of America",38.85154699999999,-77.00967199999994
110010104002004,District of Columbia,"Holly Street, Capitol Hill, Washington, District of Columbia, 20032, United States of America",38.85154699999999,-76.99967199999993
110010104002027,District of Columbia,"2703, Robinson Place Southeast, Capitol Hill, Washington, District of Columbia, 20020, United States of America",38.85154699999999,-76.98967199999993
110010074041000,District of Columbia,"3040, Stanton Road Southeast, Douglass, Capitol Hill, Washington, District of Columbia, 20020, United States of America",38.85154699999999,-76.97967199999992
110010074081010,District of Columbia,"2625, Jasper Street Southeast, Knox Hill/Buena Vista, Capitol Hill, Washington, District of Columbia, 20020, United States of America",38.85154699999999,-76.96967199999992
110010062021247,District of Columbia,"Ohio Drive Southwest, Monumental Core, Capitol Hill, Washington, District of Columbia, 20319, United States of America",38.86154699999999,-77.02967199999995
110010110002004,District of Columbia,"E Street, Fort McNair, Capitol Hill, Washington, District of Columbia, 20319, United States of America",38.86154699999999,-77.01967199999994
110010073011003,District of Columbia,"Poremba Court Southwest, Capitol Hill, Washington, District of Columbia, 20319, United States of America",38.86154699999999,-77.00967199999994
110010074011032,District of Columbia,"2600, Barry Road Southeast, Capitol Hill, Washington, District of Columbia, 20020, United States of America",38.86154699999999,-76.99967199999993
110010074072001,District of Columbia,"1345, Morris Road Southeast, Capitol Hill, Washington, District of Columbia, 20020, United States of America",38.86154699999999,-76.98967199999993
110010075041004,District of Columbia,"1750, Galen Street Southeast, Anacostia, Washington, District of Columbia, 20020, United States of America",38.86154699999999,-76.97967199999992
110010076052003,District of Columbia,"2645, Naylor Road Southeast, Capitol Hill, Washington, District of Columbia, 20020, United States of America",38.86154699999999,-76.96967199999992
110010076032000,District of Columbia,"3319, Alabama Avenue Southeast, Hillcrest, Capitol Hill, Washington, District of Columbia, 20020, United States of America",38.86154699999999,-76.95967199999991
110010076031000,District of Columbia,"3810, Southern Avenue Southeast, Washington, District of Columbia, 20020, United States of America",38.86154699999999,-76.94967199999991
110010062021250,District of Columbia,"North Boundary Drive, Rosslyn, Arlington, Arlington County, Virginia, 22202, United States of America",38.871546999999985,-77.04967199999996
110010062021247,District of Columbia,"Mount Vernon Trail, Rosslyn, Arlington, Arlington County, Virginia, 22202, United States of America",38.871546999999985,-77.03967199999995
110010062021204,District of Columbia,"Ohio Drive Southwest, Monumental Core, Capitol Hill, Washington, District of Columbia, 20319, United States of America",38.871546999999985,-77.02967199999995
110010110002004,District of Columbia,"titanic monument, 1st Avenue, Fort McNair, Capitol Hill, Washington, District of Columbia, 20319, United States of America",38.871546999999985,-77.01967199999994
110010064002010,District of Columbia,"U-Haul Moving & Storage, 1501, South Capitol Street Southeast, Buzzard Point, Capitol Hill, Washington, District of Columbia, 20003, United States of America",38.871546999999985,-77.00967199999994
110010072002061,District of Columbia,"Bowyer Street Southeast, Navy Yard, Capitol Hill, Washington, District of Columbia, 20590, United States of America",38.871546999999985,-76.99967199999993
110010076015004,District of Columbia,"11th Street Bridge, Capitol Hill, Washington, District of Columbia, 20003, United States of America",38.871546999999985,-76.98967199999993
110010076014000,District of Columbia,"1700, Q Street Southeast, Fairlawn, Capitol Hill, Washington, District of Columbia, 20020, United States of America",38.871546999999985,-76.97967199999992
110010076041006,District of Columbia,"2532, Park Place Southeast, Randle Highlands, Capitol Hill, Washington, District of Columbia, 20020, United States of America",38.871546999999985,-76.96967199999992
110010099012020,District of Columbia,"3219, O Street Southeast, Dupont Park, Capitol Hill, Washington, District of Columbia, 20020, United States of America",38.871546999999985,-76.95967199999991
110010099012013,District of Columbia,"3836, Nash Street Southeast, Washington, District of Columbia, 20020, United States of America",38.871546999999985,-76.94967199999991
110010099021008,District of Columbia,"4157, Alabama Avenue Southeast, Fort Davis Park, Washington, District of Columbia, 20019, United States of America",38.871546999999985,-76.9396719999999
110010062021166,District of Columbia,"Mount Vernon Trail, Monumental Core, Foggy Bottom, Washington, District of Columbia, 20520, United States of America",38.88154699999998,-77.04967199999996
110010062021173,District of Columbia,"Ohio Drive Southwest, Monumental Core, Foggy Bottom, Washington, District of Columbia, 20013, United States of America",38.88154699999998,-77.03967199999995
110010102002031,District of Columbia,"Maine Avenue Southwest, Logan Circle, Washington, District of Columbia, 20585, United States of America",38.88154699999998,-77.02967199999995
110010102001019,District of Columbia,"519, G Street Southwest, Southwest/Waterfront, Capitol Hill, Washington, District of Columbia, 20024, United States of America",38.88154699999998,-77.01967199999994
110010105001000,District of Columbia,"Southeast Freeway, Capitol Hill, Washington, District of Columbia, 20540, United States of America",38.88154699999998,-77.00967199999994
110010070001004,District of Columbia,"545, 5th Street Southeast, Capitol Hill, Washington, District of Columbia, 20003, United States of America",38.88154699999998,-76.99967199999993
110010071002005,District of Columbia,"1216, G Street Southeast, Capitol Hill, Washington, District of Columbia, 20003, United States of America",38.88154699999998,-76.98967199999993
110010068041011,District of Columbia,"John Philip Sousa, Ingle Street, Hill East, Capitol Hill, Washington, District of Columbia, 20003, United States of America",38.88154699999998,-76.97967199999992
110010077082020,District of Columbia,"Anacostia Waterfront Trail, Greenway, Capitol Hill, Washington, District of Columbia, 20020, United States of America",38.88154699999998,-76.96967199999992
110010077091000,District of Columbia,"515, 33rd Street Southeast, Greenway, Capitol Hill, Washington, District of Columbia, 20019, United States of America",38.88154699999998,-76.95967199999991
110010099012000,District of Columbia,"Turkey Trail, Washington, District of Columbia, 20019, United States of America",38.88154699999998,-76.94967199999991
110010099071001,District of Columbia,"4391, F Street Southeast, Benning Ridge, Washington, District of Columbia, 20019, United States of America",38.88154699999998,-76.9396719999999
110010099042009,District of Columbia,"5000, Kimi Gray Court Southeast, Marshall Heights, Washington, District of Columbia, 20019, United States of America",38.88154699999998,-76.9296719999999
110010062021083,District of Columbia,"Little Island, Theodore Roosevelt Memorial Bridge, Monumental Core, Foggy Bottom, Washington, District of Columbia, 20520, United States of America",38.89154699999998,-77.05967199999996
110010062021077,District of Columbia,"23rd Street Northwest, Monumental Core, Foggy Bottom, Washington, District of Columbia, 20037, United States of America",38.89154699999998,-77.04967199999996
110010062021044,District of Columbia,"Lock Keeper's House, Constitution Avenue Northwest, Monumental Core, Foggy Bottom, Washington, District of Columbia, 20006, United States of America",38.89154699999998,-77.03967199999995
110010062021101,District of Columbia,"National Museum of American History, Constitution Avenue Northwest, Monumental Core, Logan Circle, Washington, District of Columbia, 20560, United States of America",38.89154699999998,-77.02967199999995
110010062021020,District of Columbia,"NGA, Madison Drive Northwest, Monumental Core, Capitol Hill, Washington, District of Columbia, 20004, United States of America",38.89154699999998,-77.01967199999994
110010062021114,District of Columbia,"Northwest Capitol Circle, Monumental Core, Capitol Hill, Washington, District of Columbia, 20540, United States of America",38.89154699999998,-77.00967199999994
110010082002012,District of Columbia,"118, 5th Street Northeast, Stanton Park, Capitol Hill, Washington, District of Columbia, 20002, United States of America",38.89154699999998,-76.99967199999993
110010080022012,District of Columbia,"141, 12th Street Northeast, Kingman Park, Capitol Hill, Washington, District of Columbia, 20002, United States of America",38.89154699999998,-76.98967199999993
110010080021003,District of Columbia,"1716, Constitution Avenue Northeast, Kingman Park, Capitol Hill, Washington, District of Columbia, 20002, United States of America",38.89154699999998,-76.97967199999992
110010068041001,District of Columbia,"Anacostia Waterfront Trail, Kingman Park, Capitol Hill, Washington, District of Columbia, 20003, United States of America",38.89154699999998,-76.96967199999992
110010096041001,District of Columbia,"3316, Alden Place Northeast, River Terrace, Capitol Hill, Washington, District of Columbia, 20019, United States of America",38.89154699999998,-76.95967199999991
110010096032007,District of Columbia,"3917, Blaine Street Northeast, Benning, Washington, District of Columbia, 20019, United States of America",38.89154699999998,-76.94967199999991
110010096031000,District of Columbia,"4363, Benning Road Northeast, Marshall Heights, Washington, District of Columbia, 20019, United States of America",38.89154699999998,-76.9396719999999
110010078043008,District of Columbia,"123, 50th Street Northeast, Capitol View, Washington, District of Columbia, 20019, United States of America",38.89154699999998,-76.9296719999999
110010078083011,District of Columbia,"209, 57th Street Northeast, Marshall Heights, Washington, District of Columbia, 20019, United States of America",38.89154699999998,-76.91967199999989
110010002024020,District of Columbia,"Francis Scott Key Bridge, Rosslyn, Arlington, Arlington County, Virginia, 22209, United States of America",38.90154699999998,-77.06967199999997
110010001004042,District of Columbia,"3000, K Street Northwest, Georgetown, Washington, District of Columbia, 20037, United States of America",38.90154699999998,-77.05967199999996
110010108001004,District of Columbia,"Devon & Blakely, 23rd Street Northwest, George Washington University, Foggy Bottom, Washington, District of Columbia, 20037, United States of America",38.90154699999998,-77.04967199999996
110010107001018,District of Columbia,"900, 17th Street Northwest, Golden Triangle, Dupont Circle, Washington, District of Columbia, 20006, United States of America",38.90154699999998,-77.03967199999995
110010101001014,District of Columbia,"1225, I Street Northwest, Downtown, Logan Circle, Washington, District of Columbia, 20006, United States of America",38.90154699999998,-77.02967199999995
110010047021008,District of Columbia,"901, 6th Street Northwest, Mount Vernon Square, Logan Circle, Washington, District of Columbia, 20001, United States of America",38.90154699999998,-77.01967199999994
110010047021000,District of Columbia,"Gonzaga College High School, I Street Northwest, North Capitol Street, Capitol Hill, Washington, District of Columbia, 20001, United States of America",38.90154699999998,-77.00967199999994
110010106002044,District of Columbia,"900, 5th Street Northeast, Near Northeast, Washington, District of Columbia, 20002, United States of America",38.90154699999998,-76.99967199999993
110010084101003,District of Columbia,"1210, I Street Northeast, Near Northeast, Washington, District of Columbia, 20002, United States of America",38.90154699999998,-76.98967199999993
110010089042001,District of Columbia,"1651, Maryland Avenue Northeast, Carver, Washington, District of Columbia, 20002, United States of America",38.90154699999998,-76.97967199999992
110010111003052,District of Columbia,"0, 26th Street Northeast, Langston, Washington, District of Columbia, 20002, United States of America",38.90154699999998,-76.96967199999992
110010096022005,District of Columbia,"Anacostia Avenue Northeast, Mayfair, Washington, District of Columbia, 20019, United States of America",38.90154699999998,-76.95967199999991
110010096021003,District of Columbia,"3701, Hayes Street Northeast, Mayfair, Washington, District of Columbia, 20019, United States of America",38.90154699999998,-76.94967199999991
110010078092007,District of Columbia,"4312, Jay Street Northeast, Deanwood, Washington, District of Columbia, 20019, United States of America",38.90154699999998,-76.9396719999999
110010078091003,District of Columbia,"5002, Jay Street Northeast, Deanwood, Washington, District of Columbia, 20019, United States of America",38.90154699999998,-76.9296719999999
110010008021019,District of Columbia,"Potomac Heritage Trail, Virginia Square, Arlington, Arlington County, Virginia, 22207, United States of America",38.91154699999998,-77.09967199999998
110010008021006,District of Columbia,"4613, MacArthur Boulevard Northwest, Glover Park, Washington, District of Columbia, 20016, United States of America",38.91154699999998,-77.08967199999998
110010008022010,District of Columbia,"Glover-Archbold Trail, Glover Park, Washington, District of Columbia, 20007, United States of America",38.91154699999998,-77.07967199999997
110010002011000,District of Columbia,"3506, Winfield Lane Northwest, Georgetown, Washington, District of Columbia, 20007, United States of America",38.91154699999998,-77.06967199999997
110010001001010,District of Columbia,"1632, 30th Street Northwest, Georgetown, Washington, District of Columbia, 20008, United States of America",38.91154699999998,-77.05967199999996
110010041003021,District of Columbia,"2216, Massachusetts Avenue Northwest, Kalorama Heights, Dupont Circle, Washington, District of Columbia, 20036, United States of America",38.91154699999998,-77.04967199999996
110010053014002,District of Columbia,"1730, Corcoran Street Northwest, Kalorama Heights, Dupont Circle, Washington, District of Columbia, 20036, United States of America",38.91154699999998,-77.03967199999995
110010050012003,District of Columbia,"1602, 13th Street Northwest, Logan Circle/Shaw, Logan Circle, Washington, District of Columbia, 20005, United States of America",38.91154699999998,-77.02967199999995
110010048011011,District of Columbia,"1611, 6th Street Northwest, Logan Circle/Shaw, Logan Circle, Washington, District of Columbia, 20001, United States of America",38.91154699999998,-77.01967199999994
110010033022005,District of Columbia,"16, Quincy Place Northwest, Bloomingdale, Logan Circle, Washington, District of Columbia, 20001, United States of America",38.91154699999998,-77.00967199999994
110010091022017,District of Columbia,"New York Avenue Northeast, Capitol Hill, Washington, District of Columbia, 20001, United States of America",38.91154699999998,-76.99967199999993
110010088031018,District of Columbia,"982, Mount Olivet Road Northeast, Ivy City, Washington, District of Columbia, 20002, United States of America",38.91154699999998,-76.98967199999993
110010088042001,District of Columbia,"15th Street Northeast, Trinidad, Washington, District of Columbia, 20002, United States of America",38.91154699999998,-76.97967199999992
110010111003045,District of Columbia,"Azalea Road Northeast, Arboretum, Washington, District of Columbia, 20002, United States of America",38.91154699999998,-76.96967199999992
110010111003031,District of Columbia,"Holly Spring Road Northeast, Arboretum, Washington, District of Columbia, 20018, United States of America",38.91154699999998,-76.95967199999991
110010096011023,District of Columbia,"Anacostia Avenue Northeast, Washington, District of Columbia, 20019, United States of America",38.91154699999998,-76.94967199999991
110010096011010,District of Columbia,"4327, Ponds Street Northeast, Kenilworth Courts, Kenilworth, Washington, District of Columbia, 20019, United States of America",38.91154699999998,-76.9396719999999
110010008014007,District of Columbia,"2357, Nebraska Avenue Northwest, Palisades, Glover Park, Washington, District of Columbia, 20016, United States of America",38.921546999999975,-77.09967199999998
110010008012008,District of Columbia,"2350, Foxhall Road Northwest, Glover Park, Washington, District of Columbia, 20007:20016, United States of America",38.921546999999975,-77.08967199999998
110010003002001,District of Columbia,"2323, 40th Place Northwest, Glover Park, Washington, District of Columbia, 20007, United States of America",38.921546999999975,-77.07967199999997
110010004002019,District of Columbia,"3525, Observatory Lane Northwest, Kalorama Heights, Glover Park, Washington, District of Columbia, 20008, United States of America",38.921546999999975,-77.06967199999997
110010004002009,District of Columbia,"2520, 30th Street Northwest, Woodland-Normanstone, Woodley Park, Washington, District of Columbia, 20008, United States of America",38.921546999999975,-77.05967199999996
110010040013002,District of Columbia,"Beach Drive Northwest, Kalorama Heights, Woodley Park, Washington, District of Columbia, 20009, United States of America",38.921546999999975,-77.04967199999996
110010038001001,District of Columbia,"2359, Ontario Road Northwest, Adams Morgan, Dupont Circle, Washington, District of Columbia, 20009, United States of America",38.921546999999975,-77.03967199999995
110010036003005,District of Columbia,"2300, 13th Street Northwest, Columbia Heights, Washington, District of Columbia, 20009, United States of America",38.921546999999975,-77.02967199999995
110010034002008,District of Columbia,"Howard University, College Street Northwest, Howard University, Columbia Heights, Washington, District of Columbia, 20001, United States of America",38.921546999999975,-77.01967199999994
110010033011001,District of Columbia,"15, Bryant Street Northwest, Bloomingdale, Columbia Heights, Washington, District of Columbia, 20001, United States of America",38.921546999999975,-77.00967199999994
110010092042001,District of Columbia,"Rhode Island Avenue Northeast, University Heights, Washington, District of Columbia, 20260, United States of America",38.921546999999975,-76.99967199999993
110010091022003,District of Columbia,"1251, Saratoga Avenue Northeast, Brentwood, University Heights, Washington, District of Columbia, 20018, United States of America",38.921546999999975,-76.98967199999993
110010091021012,District of Columbia,"2404, 18th Street Northeast, Langdon, University Heights, Washington, District of Columbia, 20018, United States of America",38.921546999999975,-76.97967199999992
110010111001033,District of Columbia,"2226, 26th Street Northeast, Langdon, Washington, District of Columbia, 20018, United States of America",38.921546999999975,-76.96967199999992
110010090001010,District of Columbia,"3268, Theodore R Hagans Drive Northeast, Fort Lincoln, Washington, District of Columbia, 20018, United States of America",38.921546999999975,-76.95967199999991
110010090001003,District of Columbia,"Fort Lincoln Drive Northeast, Fort Lincoln, Washington, District of Columbia, 20018, United States of America",38.921546999999975,-76.94967199999991
110010009022029,District of Columbia,"5621, Sherrier Place Northwest, Palisades, Glover Park, Washington, District of Columbia, 20016, United States of America",38.93154699999997,-77.10967199999999
110010009011009,District of Columbia,"4929, Weaver Terrace Northwest, Palisades, Glover Park, Washington, District of Columbia, 20016, United States of America",38.93154699999997,-77.09967199999998
110010008013010,District of Columbia,"4519, Klingle Street Northwest, Wesley Heights, Glover Park, Washington, District of Columbia, 20016, United States of America",38.93154699999997,-77.08967199999998
110010007012000,District of Columbia,"Glover-Archbold Trail, Glover Park, Washington, District of Columbia, 20007, United States of America",38.93154699999997,-77.07967199999997
110010004001000,District of Columbia,"Hearst Hall, 3510, Woodley Road Northwest, Kalorama Heights, Cleveland Park, Washington, District of Columbia, 20008:20016, United States of America",38.93154699999997,-77.06967199999997
110010006002007,District of Columbia,"Klingle Road Northwest, Cleveland Park, Washington, District of Columbia, 20008, United States of America",38.93154699999997,-77.05967199999996
110010005011002,District of Columbia,"Maintenance Drive, Kalorama Heights, Woodley Park, Washington, District of Columbia, 20009, United States of America",38.93154699999997,-77.04967199999996
110010027022000,District of Columbia,"1715, Lamont Street Northwest, Mount Pleasant, Columbia Heights, Washington, District of Columbia, 20010, United States of America",38.93154699999997,-77.03967199999995
110010029001007,District of Columbia,"64, 13th Street Northwest, Petworth, Brightwood Park, Washington, District of Columbia, 20010, United States of America",38.93154699999997,-77.02967199999995
110010032003005,District of Columbia,"447, Lamont Street Northwest, Pleasant Plains, Columbia Heights, Washington, District of Columbia, 20010, United States of America",38.93154699999997,-77.01967199999994
110010023021013,District of Columbia,"113, Irving Street Northwest, University Heights, Washington, District of Columbia, 20010, United States of America",38.93154699999997,-77.00967199999994
110010092011004,District of Columbia,"Theological College, Michigan Avenue Northeast, University Heights, Washington, District of Columbia, 20018, United States of America",38.93154699999997,-76.99967199999993
110010093012017,District of Columbia,"1237, Lawrence Street Northeast, Brookland, University Heights, Washington, District of Columbia, 20017, United States of America",38.93154699999997,-76.98967199999993
110010093011011,District of Columbia,"3304, 18th Street Northeast, Brookland, University Heights, Washington, District of Columbia, 20018, United States of America",38.93154699999997,-76.97967199999992
110010111002005,District of Columbia,"2620, Brentwood Road Northeast, Woodridge, Washington, District of Columbia, 20018, United States of America",38.93154699999997,-76.96967199999992
110010111001000,District of Columbia,"3101, Chestnut Street Northeast, Woodridge, Washington, District of Columbia, 20018, United States of America",38.93154699999997,-76.95967199999991
110010009012005,District of Columbia,"Dalecarlia Reservoir, Mac Arthur Boulevard, Glen Mar Park, Westbard, Westmoreland Hills, Montgomery County, Maryland, 20816, United States of America",38.94154699999997,-77.10967199999999
110010009012015,District of Columbia,"5009, Tilden Street Northwest, Spring Valley, Glover Park, Washington, District of Columbia, 20016, United States of America",38.94154699999997,-77.09967199999998
110010010014025,District of Columbia,"Turtle Park, 45th Street Northwest, American University Park, District of Columbia, 20016, United States of America",38.94154699999997,-77.08967199999998
110010010021000,District of Columbia,"National Presbyterian Church Heliport, Glover-Archbold Trail, Glover Park, Washington, District of Columbia, 20007, United States of America",38.94154699999997,-77.07967199999997
110010006004000,District of Columbia,"3509, Tilden Street Northwest, Cleveland Park, Washington, District of Columbia, 20008, United States of America",38.94154699999997,-77.06967199999997
110010013023008,District of Columbia,"2927, Tilden Street Northwest, Forest Hills, Cleveland Park, Washington, District of Columbia, 20008, United States of America",38.94154699999997,-77.05967199999996
110010026001012,District of Columbia,"Beach Drive Northwest, Cleveland Park, Washington, District of Columbia, 20015, United States of America",38.94154699999997,-77.04967199999996
110010026001001,District of Columbia,"1720, Upshur Street Northwest, Crestwood, Cleveland Park, Washington, District of Columbia, 20011, United States of America",38.94154699999997,-77.03967199999995
110010025021001,District of Columbia,"4121, 13th Street Northwest, Petworth, Brightwood Park, Washington, District of Columbia, 20010, United States of America",38.94154699999997,-77.02967199999995
110010024004000,District of Columbia,"4120, 5th Street Northwest, Petworth, Brightwood Park, Washington, District of Columbia, 20011, United States of America",38.94154699999997,-77.01967199999994
110010023021004,District of Columbia,"0, Upshur Street Northwest, Petworth, Brightwood Park, Washington, District of Columbia, 20011, United States of America",38.94154699999997,-77.00967199999994
110010095011007,District of Columbia,"378, Hawaii Avenue Northeast, University Heights, Washington, District of Columbia, 20011, United States of America",38.94154699999997,-76.99967199999993
110010095042011,District of Columbia,"4216, 12th Place Northeast, Michigan Park, Washington, District of Columbia, 20017, United States of America",38.94154699999997,-76.98967199999993
110010094001014,District of Columbia,"1813, Upshur Street Northeast, North Michigan Park, Washington, District of Columbia, 20018, United States of America",38.94154699999997,-76.97967199999992
110010010015011,District of Columbia,"4519, Chesapeake Street Northwest, American University Park, District of Columbia, 20016, United States of America",38.95154699999997,-77.08967199999998
110010011004013,District of Columbia,"Fort Reno Garden, Belt Road Northwest, Cleveland Park, Washington, District of Columbia, 20016, United States of America",38.95154699999997,-77.07967199999997
110010012001004,District of Columbia,"4717, 36th Street Northwest, North Cleveland Park, Cleveland Park, Washington, District of Columbia, 20008, United States of America",38.95154699999997,-77.06967199999997
110010013011008,District of Columbia,"4726, Linnean Avenue Northwest, Forest Hills, Cleveland Park, Washington, District of Columbia, 20015, United States of America",38.95154699999997,-77.05967199999996
110010013011010,District of Columbia,"Ross Drive Northwest, Cleveland Park, Washington, District of Columbia, 20015, United States of America",38.95154699999997,-77.04967199999996
110010026002006,District of Columbia,"Colorado Avenue Northwest, Petworth, Brightwood Park, Washington, District of Columbia, 20011, United States of America",38.95154699999997,-77.03967199999995
110010020023008,District of Columbia,"5015, 13th Street Northwest, Petworth, Brightwood Park, Washington, District of Columbia, 20011, United States of America",38.95154699999997,-77.02967199999995
110010022011000,District of Columbia,"5016, 5th Street Northwest, Brightwood Park, Washington, District of Columbia, 20011, United States of America",38.95154699999997,-77.01967199999994
110010022021001,District of Columbia,"30, Farragut Place Northwest, Fort Totten, Washington, District of Columbia, 20011, United States of America",38.95154699999997,-77.00967199999994
110010095081012,District of Columbia,"414, Farragut Street Northeast, Michigan Park, Washington, District of Columbia, 20011, United States of America",38.95154699999997,-76.99967199999993
110010095091000,District of Columbia,"5034, Sargent Road Northeast, North Michigan Park, Washington, District of Columbia, 20017, United States of America",38.95154699999997,-76.98967199999993
110010011001012,District of Columbia,"5407, 41st Street Northwest, Cleveland Park, Washington, District of Columbia, 20015, United States of America",38.96154699999997,-77.07967199999997
110010014011017,District of Columbia,"5412, Nevada Avenue Northwest, Chevy Chase, Cleveland Park, Washington, District of Columbia, 20015, United States of America",38.96154699999997,-77.06967199999997
110010014021013,District of Columbia,"5400, 30th Street Northwest, Chevy Chase, Cleveland Park, Washington, District of Columbia, 20015, United States of America",38.96154699999997,-77.05967199999996
110010015001029,District of Columbia,"Military Road Northwest, Brightwood Park, Washington, District of Columbia, 20015, United States of America",38.96154699999997,-77.04967199999996
110010020012010,District of Columbia,"Joyce Road Northwest, Brightwood Park, Washington, District of Columbia, 20015, United States of America",38.96154699999997,-77.03967199999995
110010018042015,District of Columbia,"1227, Missouri Avenue Northwest, Petworth, Brightwood Park, Washington, District of Columbia, 20011, United States of America",38.96154699999997,-77.02967199999995
110010019021013,District of Columbia,"433, Oglethorpe Street Northwest, Brightwood, Washington, District of Columbia, 20011, United States of America",38.96154699999997,-77.01967199999994
110010095052014,District of Columbia,"Bank of America, 5911, Blair Road Northwest, Manor Park, Washington, District of Columbia, 20011, United States of America",38.96154699999997,-77.00967199999994
110010095051008,District of Columbia,"514, Oglethorpe Street Northeast, Hampshire Knolls, Lamond Riggs, Washington, District of Columbia, 20011, United States of America",38.96154699999997,-76.99967199999993
110010015005003,District of Columbia,"3379, Stephenson Place Northwest, Chevy Chase, Cleveland Park, Washington, District of Columbia, 20015, United States of America",38.971546999999966,-77.06967199999997
110010015003001,District of Columbia,"6205, 30th Street Northwest, Chevy Chase, Brightwood Park, Washington, District of Columbia, 20015, United States of America",38.971546999999966,-77.05967199999996
110010015001021,District of Columbia,"Bingham Drive Northwest, Brightwood Park, Washington, District of Columbia, 20015, United States of America",38.971546999999966,-77.04967199999996
110010018031007,District of Columbia,"Valley Trail, North Portal Estates, Brightwood Park, Washington, District of Columbia, 20012, United States of America",38.971546999999966,-77.03967199999995
110010018042001,District of Columbia,"6658, 13th Street Northwest, Brightwood, Washington, District of Columbia, 20012, United States of America",38.971546999999966,-77.02967199999995
110010017021018,District of Columbia,"6703, 5th Street Northwest, Brightwood, Washington, District of Columbia, 20012, United States of America",38.971546999999966,-77.01967199999994
110010015001005,District of Columbia,"Wise Road Northwest, North Portal Estates, Brightwood Park, Washington, District of Columbia, 20012, United States of America",38.98154699999996,-77.04967199999996
110010016004011,District of Columbia,"Valley Trail, North Portal Estates, Brightwood Park, Washington, District of Columbia, 20012, United States of America",38.98154699999996,-77.03967199999995
110010016003000,District of Columbia,"7530, 13th Street Northwest, Shepherd Park, Washington, District of Columbia, 20012, United States of America",38.98154699999996,-77.02967199999995
110010016004019,District of Columbia,"1912, Spruce Drive Northwest, North Portal Estates, Washington, District of Columbia, 20012, United States of America",38.99154699999996,-77.03967199999995
110010109002039,District of Columbia,"Woodrow Wilson Bridge, Washington, District of Columbia, United States of America",38.796547,-77.03467199999996
110010109002039,District of Columbia,"Thompsons Alley, Alexandria Historic District, Alexandria, Alexandria City, Virginia, 22314, United States of America",38.806546999999995,-77.03467199999996
110010109002039,District of Columbia,"Anacostia Freeway, Washington, District of Columbia, 20375, United States of America",38.806546999999995,-77.02467199999995
110010109002039,District of Columbia,"Mount Vernon Trail, Alexandria, Alexandria City, Virginia, 22314, United States of America",38.81654699999999,-77.03467199999996
110010109002035,District of Columbia,"Overlook Avenue Southwest, Blue Plains - DC Water Treatment Plant, Washington, District of Columbia, 20375, United States of America",38.81654699999999,-77.02467199999995
110010109002009,District of Columbia,"92, DC Village Lane Southwest, Washington, District of Columbia, 20032, United States of America",38.81654699999999,-77.01467199999995
110010073011033,District of Columbia,"Marina Drive, Alexandria, Alexandria City, Virginia, 22314, United States of America",38.82654699999999,-77.03467199999996
110010073011047,District of Columbia,"Bellevue Drive Southwest, Washington, District of Columbia, 20375, United States of America",38.82654699999999,-77.02467199999995
110010098072001,District of Columbia,"Fort Greble, Chesapeake Street Southwest, Bellevue, Washington, District of Columbia, 20032, United States of America",38.82654699999999,-77.01467199999995
110010098101002,District of Columbia,"4312, 1st Street Southeast, Washington, District of Columbia, 20032, United States of America",38.82654699999999,-77.00467199999994
110010098112000,District of Columbia,"770, Southern Avenue Southeast, Oxon Hill-Glassmanor, Prince George's County, Maryland, 20032, United States of America",38.82654699999999,-76.99467199999994
110010073011010,District of Columbia,"Mount Vernon Trail, Alexandria, Alexandria City, Virginia, 22314, United States of America",38.83654699999999,-77.04467199999996
110010073011010,District of Columbia,"Thomas Avenue, Fort Barnard Heights, Arlington, Arlington County, Virginia, 22202, United States of America",38.83654699999999,-77.03467199999996
110010073011010,District of Columbia,"Arnold Avenue Southwest, Washington, District of Columbia, 20332, United States of America",38.83654699999999,-77.02467199999995
110010073011082,District of Columbia,"3623, Brookley Avenue Southwest, Capitol Hill, Washington, District of Columbia, 20032, United States of America",38.83654699999999,-77.01467199999995
110010098031003,District of Columbia,"124, Wilmington Place Southeast, Congress Heights, Washington, District of Columbia, 20032, United States of America",38.83654699999999,-77.00467199999994
110010098011002,District of Columbia,"3700, 9th Street Southeast, Washington Highlands, Washington, District of Columbia, 20032, United States of America",38.83654699999999,-76.99467199999994
110010073041012,District of Columbia,"Greater Southeast Community Hospital, Southern Avenue Southeast, Washington, Prince George's, 20032, United States of America",38.83654699999999,-76.98467199999993
110010073011010,District of Columbia,"Arnold Avenue Southwest, Washington, District of Columbia, 20032, United States of America",38.84654699999999,-77.02467199999995
110010073011072,District of Columbia,"Chappie James Boulevard, Capitol Hill, Washington, District of Columbia, 20332, United States of America",38.84654699999999,-77.01467199999995
110010104002017,District of Columbia,"221, Orange Street Southeast, Congress Heights, Capitol Hill, Washington, District of Columbia, 20032, United States of America",38.84654699999999,-77.00467199999994
110010104002036,District of Columbia,"Sycamore Street, ST ELIZABETH - EAST MIXED USE, Capitol Hill, Washington, District of Columbia, 20032, United States of America",38.84654699999999,-76.99467199999994
110010074042006,District of Columbia,"1400, Congress Place Southeast, Douglass, Capitol Hill, Washington, District of Columbia, 20020, United States of America",38.84654699999999,-76.98467199999993
110010074092002,District of Columbia,"New Image Child Development Center, 2011, Savannah Street Southeast, Shipley, Capitol Hill, Washington, District of Columbia, 20020, United States of America",38.84654699999999,-76.97467199999993
110010062021247,District of Columbia,"Ohio Drive Southwest, Monumental Core, Capitol Hill, Washington, District of Columbia, 20319, United States of America",38.856546999999985,-77.02467199999995
110010073011127,District of Columbia,"Thomas Road Southwest, Capitol Hill, Washington, District of Columbia, 20319, United States of America",38.856546999999985,-77.01467199999995
110010104002008,District of Columbia,"Anacostia Freeway, Capitol Hill, Washington, District of Columbia, 20032, United States of America",38.856546999999985,-77.00467199999994
110010074012002,District of Columbia,"2667, Dunbar Road Southeast, Barry Farm, Capitol Hill, Washington, District of Columbia, 20020, United States of America",38.856546999999985,-76.99467199999994
110010074071007,District of Columbia,"2330, Pomeroy Road Southeast, Hillsdale, Capitol Hill, Washington, District of Columbia, 20020, United States of America",38.856546999999985,-76.98467199999993
110010075021005,District of Columbia,"2780, Bruce Place Southeast, Capitol Hill, Washington, District of Columbia, 20020, United States of America",38.856546999999985,-76.97467199999993
110010076034003,District of Columbia,"2704, 30th Street Southeast, Naylor Gardens, Capitol Hill, Washington, District of Columbia, 20020, United States of America",38.856546999999985,-76.96467199999992
110010062021247,District of Columbia,"Mount Vernon Trail, Rosslyn, Arlington, Arlington County, Virginia, 22202, United States of America",38.86654699999998,-77.03467199999996
110010062021204,District of Columbia,"Ohio Drive Southwest, Monumental Core, Capitol Hill, Washington, District of Columbia, 20319, United States of America",38.86654699999998,-77.02467199999995
110010064002030,District of Columbia,"Lincoln Hall, 5th Avenue, Fort McNair, Capitol Hill, Washington, District of Columbia, 20319, United States of America",38.86654699999998,-77.01467199999995
110010073011003,District of Columbia,"Anacostia Drive Southeast, Capitol Hill, Washington, District of Columbia, 20020, United States of America",38.86654699999998,-77.00467199999994
110010074011015,District of Columbia,"Anacostia Drive Southeast, Capitol Hill, Washington, District of Columbia, 20020, United States of America",38.86654699999998,-76.99467199999994
110010075031000,District of Columbia,"1918, 14th Street Southeast, Anacostia, Washington, District of Columbia, 20020, United States of America",38.86654699999998,-76.98467199999993
110010076051003,District of Columbia,"2214, 22nd Street Southeast, Fairlawn, Capitol Hill, Washington, District of Columbia, 20020, United States of America",38.86654699999998,-76.97467199999993
110010076043000,District of Columbia,"29th Street Southeast, Randle Highlands, Capitol Hill, Washington, District of Columbia, 20020, United States of America",38.86654699999998,-76.96467199999992
110010076042002,District of Columbia,"3430, Pennsylvania Avenue Southeast, Capitol Hill, Washington, District of Columbia, 20020, United States of America",38.86654699999998,-76.95467199999992
110010099022009,District of Columbia,"1814, 41st Place Southeast, Fort Davis Park, Washington, District of Columbia, 20020, United States of America",38.86654699999998,-76.94467199999991
110010062021166,District of Columbia,"Mount Vernon Trail, Rosslyn, Arlington, Arlington County, Virginia, 22202, United States of America",38.87654699999998,-77.04467199999996
110010062021229,District of Columbia,"National Capitol Region US Park Police Headquarters, 1100, Ohio Drive Southwest, Monumental Core, Foggy Bottom, Washington, District of Columbia, 20013, United States of America",38.87654699999998,-77.03467199999996
110010062021193,District of Columbia,"Water Street Southwest, Southwest/Waterfront, Capitol Hill, Washington, District of Columbia, 20024, United States of America",38.87654699999998,-77.02467199999995
110010105001009,District of Columbia,"212, M Street Southwest, Southwest/Waterfront, Capitol Hill, Washington, District of Columbia, 20024, United States of America",38.87654699999998,-77.01467199999995
110010072002026,District of Columbia,"114, M Street Southeast, Capitol Hill, Washington, District of Columbia, 20590, United States of America",38.87654699999998,-77.00467199999994
110010072002039,District of Columbia,"804, M Street Southeast, Capitol Hill, Washington, District of Columbia, 20003, United States of America",38.87654699999998,-76.99467199999994
110010071001018,District of Columbia,"1899, M Street Southeast, Hill East, Capitol Hill, Washington, District of Columbia, 20003, United States of America",38.87654699999998,-76.98467199999993
110010077091006,District of Columbia,"Anacostia Drive Southeast, Capitol Hill, Washington, District of Columbia, 20020, United States of America",38.87654699999998,-76.97467199999993
110010077091021,District of Columbia,"3002, Minnesota Avenue Southeast, Capitol Hill, Washington, District of Columbia, 20019, United States of America",38.87654699999998,-76.96467199999992
110010099012002,District of Columbia,"Gonif Trail, Capitol Hill, Washington, District of Columbia, 20019, United States of America",38.87654699999998,-76.95467199999992
110010099021000,District of Columbia,"Hiker Biker Trail, Marshall Heights, Washington, District of Columbia, 20019, United States of America",38.87654699999998,-76.94467199999991
110010077072016,District of Columbia,"1152, 45th Place Southeast, Benning Ridge, Washington, District of Columbia, 20019, United States of America",38.87654699999998,-76.9346719999999
110010062021166,District of Columbia,"Arlington Memorial Bridge, Monumental Core, Foggy Bottom, Washington, District of Columbia, 20520, United States of America",38.88654699999998,-77.05467199999997
110010062021070,District of Columbia,"Martin Luther King, Jr. Memorial, West Basin Drive Southwest, Monumental Core, Foggy Bottom, Washington, District of Columbia, 20520, United States of America",38.88654699999998,-77.04467199999996
110010062021177,District of Columbia,"Rugby Ground, Raoul Wallenberg Place Southwest, Monumental Core, Logan Circle, Washington, District of Columbia, 20013, United States of America",38.88654699999998,-77.03467199999996
110010102002001,District of Columbia,"United States Department of Energy, 9th Street Southwest, Southwest Employment Area, Logan Circle, Washington, District of Columbia, 20585, United States of America",38.88654699999998,-77.02467199999995
110010105002001,District of Columbia,"HHS, Center Leg Freeway, Monumental Core, Capitol Hill, Washington, District of Columbia, 20202, United States of America",38.88654699999998,-77.01467199999995
110010062021139,District of Columbia,"Library of Congress, James Madison Building, 101, Independence Avenue Southeast, Monumental Core, Capitol Hill, Washington, District of Columbia, 20540, United States of America",38.88654699999998,-77.00467199999994
110010067003009,District of Columbia,"244, 8th Street Southeast, Capitol Hill, Washington, District of Columbia, 20003, United States of America",38.88654699999998,-76.99467199999994
110010069001000,District of Columbia,"1421, South Carolina Avenue Southeast, Lincoln Park, Capitol Hill, Washington, District of Columbia, 20003, United States of America",38.88654699999998,-76.98467199999993
110010068041011,District of Columbia,"0, Massachusetts Avenue Southeast, Hill East, Capitol Hill, Washington, District of Columbia, 20003, United States of America",38.88654699999998,-76.97467199999993
110010077082020,District of Columbia,"Anacostia Waterfront Trail, Kingman Park, Capitol Hill, Washington, District of Columbia, 20019, United States of America",38.88654699999998,-76.96467199999992
110010077034003,District of Columbia,"224, 36th Street Southeast, Fort Dupont, Capitol Hill, Washington, District of Columbia, 20019, United States of America",38.88654699999998,-76.95467199999992
110010077031001,District of Columbia,"300, Burbank Street Southeast, Benning Ridge, Washington, District of Columbia, 20019, United States of America",38.88654699999998,-76.94467199999991
110010099061007,District of Columbia,"4709, Bass Place Southeast, Marshall Heights, Washington, District of Columbia, 20019, United States of America",38.88654699999998,-76.9346719999999
110010099051004,District of Columbia,"5325, Astor Place Southeast, Marshall Heights, Washington, District of Columbia, 20019, United States of America",38.88654699999998,-76.9246719999999
110010001004048,District of Columbia,"Mount Vernon Trail, Rosslyn, Arlington, Arlington County, Virginia, 22209, United States of America",38.89654699999998,-77.06467199999997
110010062021059,District of Columbia,"F Street Northwest, Kalorama Heights, Foggy Bottom, Washington, District of Columbia, 20037, United States of America",38.89654699999998,-77.05467199999997
110010108002010,District of Columbia,"Courtyard Marriott - Foggy Bottom, 20th Street Northwest, Kalorama Heights, Foggy Bottom, Washington, District of Columbia, 20009, United States of America",38.89654699999998,-77.04467199999996
110010062021030,District of Columbia,"Sherman Park, Alexander Hamilton Place Northwest, Monumental Core, Logan Circle, Washington, District of Columbia, 20004, United States of America",38.89654699999998,-77.03467199999996
110010058001023,District of Columbia,"McDonald's, E Street Northwest, Penn Quarter, Washington, District of Columbia, 20535, United States of America",38.89654699999998,-77.02467199999995
110010059001030,District of Columbia,"Jack's Famous Deli, E Street Northwest, Downtown East, Capitol Hill, Washington, District of Columbia, 20548, United States of America",38.89654699999998,-77.01467199999995
110010062021000,District of Columbia,"1, Columbus Circle Northeast, Monumental Core, Capitol Hill, Washington, District of Columbia, 20549, United States of America",38.89654699999998,-77.00467199999994
110010084022006,District of Columbia,"513, 8th Street Northeast, Stanton Park, Capitol Hill, Washington, District of Columbia, 20002, United States of America",38.89654699999998,-76.99467199999994
110010080012001,District of Columbia,"520, Tennessee Avenue Northeast, Stanton Park, Capitol Hill, Washington, District of Columbia, 20002, United States of America",38.89654699999998,-76.98467199999993
110010079031007,District of Columbia,"512, 21st Street Northeast, Kingman Park, Capitol Hill, Washington, District of Columbia, 20002, United States of America",38.89654699999998,-76.97467199999993
110010068041001,District of Columbia,"Benning road Bike Path, Kingman Park, Capitol Hill, Washington, District of Columbia, 20019, United States of America",38.89654699999998,-76.96467199999992
110010096021023,District of Columbia,"3300, Benning Road Northeast, Capitol Hill, Washington, District of Columbia, 20019, United States of America",38.89654699999998,-76.95467199999992
110010078031013,District of Columbia,"Field Tr, Central Northeast, Washington, District of Columbia, 20019, United States of America",38.89654699999998,-76.94467199999991
110010078041017,District of Columbia,"557, 47th Street Northeast, Marshall Heights, Washington, District of Columbia, 20019, United States of America",38.89654699999998,-76.9346719999999
110010078072007,District of Columbia,"Eads Street Northeast, Marshall Heights, Washington, District of Columbia, 20019, United States of America",38.89654699999998,-76.9246719999999
110010078071013,District of Columbia,"520, Eastern Avenue Northeast, Washington, District of Columbia, 20019, United States of America",38.89654699999998,-76.9146719999999
110010008021013,District of Columbia,"4620, Laverock Place Northwest, Glover Park, Washington, District of Columbia, 20007, United States of America",38.906546999999975,-77.08467199999998
110010002011001,District of Columbia,"New South, Prospect Street Northwest, Georgetown, Washington, District of Columbia, 20057, United States of America",38.906546999999975,-77.07467199999998
110010002023007,District of Columbia,"3240, N Street Northwest, Georgetown, Washington, District of Columbia, 20007, United States of America",38.906546999999975,-77.06467199999997
110010055002003,District of Columbia,"25th Street Northwest, West End, Foggy Bottom, Washington, District of Columbia, 20037, United States of America",38.906546999999975,-77.05467199999997
110010107002009,District of Columbia,"The Lion Building, 1233, 20th Street Northwest, Golden Triangle, Dupont Circle, Washington, District of Columbia, 20009, United States of America",38.906546999999975,-77.04467199999996
110010101002001,District of Columbia,"1500, Massachusetts Avenue Northwest, Logan Circle, Washington, District of Columbia, 20005, United States of America",38.906546999999975,-77.03467199999996
110010049022001,District of Columbia,"1228, Blagden Alley, Logan Circle/Shaw, Logan Circle, Washington, District of Columbia, 20001, United States of America",38.906546999999975,-77.02467199999995
110010046002016,District of Columbia,"233, Morgan Street Northwest, Truxton Circle, Logan Circle, Washington, District of Columbia, 20001, United States of America",38.906546999999975,-77.01467199999995
110010106002004,District of Columbia,"Two Constitution Square (2CON), N Street Northeast, Near Northeast, Washington, District of Columbia, 20549, United States of America",38.906546999999975,-77.00467199999994
110010088031018,District of Columbia,"Edward Miner Gallaudet Memorial Building, Florida Avenue Northeast, Capitol Hill, Washington, District of Columbia, 20242, United States of America",38.906546999999975,-76.99467199999994
110010088041002,District of Columbia,"1274, Holbrook Terrace Northeast, Trinidad, Washington, District of Columbia, 20002, United States of America",38.906546999999975,-76.98467199999993
110010111003044,District of Columbia,"Azalea Road Northeast, Arboretum, Washington, District of Columbia, 20002, United States of America",38.906546999999975,-76.97467199999993
110010111003050,District of Columbia,"Crabtree Road Northeast, Arboretum, Washington, District of Columbia, 20018, United States of America",38.906546999999975,-76.96467199999992
110010096011017,District of Columbia,"Mayfair Terrace Northeast, Mayfair, Washington, District of Columbia, 20019, United States of America",38.906546999999975,-76.95467199999992
110010096011019,District of Columbia,"4115, Anacostia Avenue Northeast, Washington, District of Columbia, 20019, United States of America",38.906546999999975,-76.94467199999991
110010078062006,District of Columbia,"1207, 47th Place Northeast, Deanwood, Washington, District of Columbia, 20019, United States of America",38.906546999999975,-76.9346719999999
110010008014000,District of Columbia,"4835, MacArthur Boulevard Northwest, Foxhall Crescents, Glover Park, Washington, District of Columbia, 20016, United States of America",38.91654699999997,-77.09467199999999
110010008022001,District of Columbia,"Foxview Circle Northwest, Foxhall Village, Glover Park, Washington, District of Columbia, 20007, United States of America",38.91654699999997,-77.08467199999998
110010003003003,District of Columbia,"1938, 38th Street Northwest, Burleith/Hillandale, Glover Park, Washington, District of Columbia, 20007, United States of America",38.91654699999997,-77.07467199999998
110010001001000,District of Columbia,"Whitehaven Trail, Kalorama Heights, Glover Park, Washington, District of Columbia, 20007, United States of America",38.91654699999997,-77.06467199999997
110010041002014,District of Columbia,"2441, Tracy Place Northwest, Kalorama Heights, Woodley Park, Washington, District of Columbia, 20008, United States of America",38.91654699999997,-77.05467199999997
110010040023001,District of Columbia,"Washington Hilton, 1919, Connecticut Avenue Northwest, Kalorama Heights, Dupont Circle, Washington, District of Columbia, 20009, United States of America",38.91654699999997,-77.04467199999996
110010043001007,District of Columbia,"1928, 15th Street Northwest, Kalorama Heights, Logan Circle, Washington, District of Columbia, 20009, United States of America",38.91654699999997,-77.03467199999996
110010044002002,District of Columbia,"1921, 9 1/2 Street Northwest, Cardozo/Shaw, Logan Circle, Washington, District of Columbia, 20005:20018, United States of America",38.91654699999997,-77.02467199999995
110010034001003,District of Columbia,"1930, 2nd Street Northwest, Columbia Heights, Washington, District of Columbia, 20001, United States of America",38.91654699999997,-77.01467199999995
110010087012007,District of Columbia,"148, Todd Place Northeast, Eckington, Logan Circle, Washington, District of Columbia, 20002, United States of America",38.91654699999997,-77.00467199999994
110010091022026,District of Columbia,"1905, Brentwood Road Northeast, Eckington, Capitol Hill, Washington, District of Columbia, 20018, United States of America",38.91654699999997,-76.99467199999994
110010091022013,District of Columbia,"1548, New York Avenue Northeast, Capitol Hill, Washington, District of Columbia, 20002, United States of America",38.91654699999997,-76.98467199999993
110010111003019,District of Columbia,"2101, New York Avenue Northeast, Capitol Hill, Washington, District of Columbia, 20002, United States of America",38.91654699999997,-76.97467199999993
110010111003029,District of Columbia,"Springhouse Road, Arboretum, Washington, District of Columbia, 20018, United States of America",38.91654699999997,-76.96467199999992
110010111003029,District of Columbia,"3600, New York Avenue Northeast, Washington, District of Columbia, 20002, United States of America",38.91654699999997,-76.95467199999992
110010111003049,District of Columbia,"New York Avenue Northeast, Washington, District of Columbia, 20018, United States of America",38.91654699999997,-76.94467199999991
110010009022023,District of Columbia,"5235, Sherrier Place Northwest, Palisades, Glover Park, Washington, District of Columbia, 20016, United States of America",38.92654699999997,-77.104672
110010008012002,District of Columbia,"Fort Circle Park, Battery-Kemble Trail, Glover Park, Washington, District of Columbia, 20007, United States of America",38.92654699999997,-77.09467199999999
110010008013026,District of Columbia,"4320, Forest Lane Northwest, Wesley Heights, Glover Park, Washington, District of Columbia, 20007, United States of America",38.92654699999997,-77.08467199999998
110010007014005,District of Columbia,"3801, Fulton Street Northwest, Massachusetts Avenue Heights, Glover Park, Washington, District of Columbia, 20007, United States of America",38.92654699999997,-77.07467199999998
110010004002001,District of Columbia,"3222, Woodland Drive Northwest, Woodland-Normanstone, Woodley Park, Washington, District of Columbia, 20008, United States of America",38.92654699999997,-77.06467199999997
110010005021011,District of Columbia,"2628, Garfield Street Northwest, Woodley Park, Washington, District of Columbia, 20008, United States of America",38.92654699999997,-77.05467199999997
110010039002002,District of Columbia,"2800, Adams Mill Road Northwest, Lanier Heights, Woodley Park, Washington, District of Columbia, 20009, United States of America",38.92654699999997,-77.04467199999996
110010028021004,District of Columbia,"1463, Harvard Street Northwest, Columbia Heights, Washington, District of Columbia, 20009, United States of America",38.92654699999997,-77.03467199999996
110010035001000,District of Columbia,"749, Gresham Place Northwest, Petworth, Columbia Heights, Washington, District of Columbia, 20001, United States of America",38.92654699999997,-77.02467199999995
110010023021029,District of Columbia,"Children's National Medical Center, 111, Michigan Avenue Northwest, Columbia Heights, Washington, District of Columbia, 20010, United States of America",38.92654699999997,-77.01467199999995
110010092011006,District of Columbia,"0, Franklin Street Northeast, Edgewood, University Heights, Washington, District of Columbia, 20017, United States of America",38.92654699999997,-77.00467199999994
110010092011013,District of Columbia,"2917, 8th Street Northeast, Edgewood, University Heights, Washington, District of Columbia, 20017, United States of America",38.92654699999997,-76.99467199999994
110010093013017,District of Columbia,"Church of the Redeemer Presbyterian Church, Girard Street Northeast, Brookland, University Heights, Washington, District of Columbia, 20017, United States of America",38.92654699999997,-76.98467199999993
110010111002020,District of Columbia,"Langdon Park, Franklin Street Northeast, Langdon, University Heights, Washington, District of Columbia, 20018, United States of America",38.92654699999997,-76.97467199999993
110010111001007,District of Columbia,"2820, Bladensburg Road Northeast, Washington, District of Columbia, 20018, United States of America",38.92654699999997,-76.96467199999992
110010090001001,District of Columbia,"3518, Commodore Joshua Barney Drive Northeast, Fort Lincoln, Washington, District of Columbia, 20018, United States of America",38.92654699999997,-76.95467199999992
110010009022002,District of Columbia,"Dalecarlia Pace Northwest, Washington, District of Columbia, 20016, United States of America",38.93654699999997,-77.114672
110010009012023,District of Columbia,"3510, Overlook Lane Northwest, Spring Valley, Glover Park, Washington, District of Columbia, 20016, United States of America",38.93654699999997,-77.104672
110010009013011,District of Columbia,"4800, Woodway Lane Northwest, Spring Valley, Glover Park, Washington, District of Columbia, 20016, United States of America",38.93654699999997,-77.09467199999999
110010008013000,District of Columbia,"4302, Westover Place Northwest, Westover Place, Glover Park, Washington, District of Columbia, 20016, United States of America",38.93654699999997,-77.08467199999998
110010010022003,District of Columbia,"McLean Gardens, United States of America",38.93654699999997,-77.07467199999998
110010006004012,District of Columbia,"3083, Ordway Street Northwest, Cleveland Park, Washington, District of Columbia, 20016, United States of America",38.93654699999997,-77.06467199999997
110010013022001,District of Columbia,"2726, Quebec Street Northwest, Cleveland Park, Washington, District of Columbia, 20016, United States of America",38.93654699999997,-77.05467199999997
110010026001004,District of Columbia,"Piney Branch Parkway Northwest, Petworth, Columbia Heights, Washington, District of Columbia, 20009, United States of America",38.93654699999997,-77.04467199999996
110010028012002,District of Columbia,"1502, Spring Place Northwest, Columbia Heights, Washington, District of Columbia, 20010, United States of America",38.93654699999997,-77.03467199999996
110010025022006,District of Columbia,"Park Place Apartments, Georgia Avenue Northwest, Petworth, Columbia Heights, Washington, District of Columbia, 20012, United States of America",38.93654699999997,-77.02467199999995
110010023021009,District of Columbia,"Pershing Drive, Petworth, Columbia Heights, Washington, District of Columbia, 20422, United States of America",38.93654699999997,-77.01467199999995
110010023021007,District of Columbia,"Harewood Road Northeast, University Heights, Washington, District of Columbia, 20017, United States of America",38.93654699999997,-77.00467199999994
110010095041015,District of Columbia,"816, Michigan Avenue Northeast, University Heights, Washington, District of Columbia, 20017, United States of America",38.93654699999997,-76.99467199999994
110010095032011,District of Columbia,"Saint Francis and the Turtledoves Statue, 14th Street Northeast, University Heights, Washington, District of Columbia, 20017, United States of America",38.93654699999997,-76.98467199999993
110010094004016,District of Columbia,"2022, Perry Street Northeast, Woodridge, Washington, District of Columbia, 20018, United States of America",38.93654699999997,-76.97467199999993
110010010016009,District of Columbia,"4406, 48th Street Northwest, American University Park, District of Columbia, 20016, United States of America",38.94654699999997,-77.09467199999999
110010010014003,District of Columbia,"4317, Yuma Street Northwest, American University Park, District of Columbia, 20016, United States of America",38.94654699999997,-77.08467199999998
110010012003007,District of Columbia,"4403, 38th Street Northwest, North Cleveland Park, Cleveland Park, Washington, District of Columbia, 20016, United States of America",38.94654699999997,-77.07467199999998
110010013021001,District of Columbia,"4411, Connecticut Avenue Northwest, Cleveland Park, Washington, District of Columbia, 20015, United States of America",38.94654699999997,-77.06467199999997
110010013023000,District of Columbia,"4229, Lenore Lane Northwest, Forest Hills, Cleveland Park, Washington, District of Columbia, 20008, United States of America",38.94654699999997,-77.05467199999997
110010026002006,District of Columbia,"Valley Trail, Brightwood Park, Washington, District of Columbia, 20015, United States of America",38.94654699999997,-77.04467199999996
110010025012004,District of Columbia,"4606, 15th Street Northwest, 16th Street Heights, Brightwood Park, Washington, District of Columbia, 20011, United States of America",38.94654699999997,-77.03467199999996
110010022012009,District of Columbia,"821, Buchanan Street Northwest, Petworth, Brightwood Park, Washington, District of Columbia, 20011, United States of America",38.94654699999997,-77.02467199999995
110010022021001,District of Columbia,"Allison Street Northwest, Petworth, Brightwood Park, Washington, District of Columbia, 20011, United States of America",38.94654699999997,-77.01467199999995
110010095011000,District of Columbia,"467, Bates Road Northeast, University Heights, Washington, District of Columbia, 20011, United States of America",38.94654699999997,-77.00467199999994
110010095092011,District of Columbia,"Michigan Park, United States of America",38.94654699999997,-76.99467199999994
110010095031005,District of Columbia,"Saint Anselms Abbey, 0, South Dakota Avenue Northeast, North Michigan Park, Washington, District of Columbia, 20017, United States of America",38.94654699999997,-76.98467199999993
110010010011004,District of Columbia,"5130, Wisconsin Avenue Northwest, Friendship Heights, Washington, District of Columbia, 20007, United States of America",38.956546999999965,-77.08467199999998
110010011004002,District of Columbia,"3801, Gramercy Street Northwest, Chevy Chase, Cleveland Park, Washington, District of Columbia, 20016, United States of America",38.956546999999965,-77.07467199999998
110010013012008,District of Columbia,"5151, 33rd Street Northwest, Chevy Chase, Cleveland Park, Washington, District of Columbia, 20008, United States of America",38.956546999999965,-77.06467199999997
110010013011004,District of Columbia,"2920, Grant Road Northwest, Cleveland Park, Washington, District of Columbia, 20008, United States of America",38.956546999999965,-77.05467199999997
110010013011001,District of Columbia,"Ross Drive Northwest, Brightwood Park, Washington, District of Columbia, 20015, United States of America",38.956546999999965,-77.04467199999996
110010020012011,District of Columbia,"1411, Kennedy Street Northwest, 16th Street Heights, Brightwood Park, Washington, District of Columbia, 20011, United States of America",38.956546999999965,-77.03467199999996
110010021015000,District of Columbia,"815, Kennedy Street Northwest, Brightwood Park, Washington, District of Columbia, 20011, United States of America",38.956546999999965,-77.02467199999995
110010021024003,District of Columbia,"5435, Kansas Avenue Northwest, Brightwood Park, Washington, District of Columbia, 20011, United States of America",38.956546999999965,-77.01467199999995
110010095053020,District of Columbia,"118, Riggs Road Northeast, Lamond Riggs, Washington, District of Columbia, 20011, United States of America",38.956546999999965,-77.00467199999994
110010095082001,District of Columbia,"738, Jefferson Street Northeast, Queens Chapel, Washington, District of Columbia, 20011, United States of America",38.956546999999965,-76.99467199999994
110010014012012,District of Columbia,"3740, Oliver Street Northwest, Chevy Chase, Cleveland Park, Washington, District of Columbia, 20015, United States of America",38.96654699999996,-77.07467199999998
110010015002012,District of Columbia,"3210, Oliver Street Northwest, Chevy Chase, Cleveland Park, Washington, District of Columbia, 20015, United States of America",38.96654699999996,-77.06467199999997
110010015001031,District of Columbia,"5728, Oregon Avenue Northwest, Brightwood Park, Washington, District of Columbia, 20015, United States of America",38.96654699999996,-77.05467199999997
110010018031007,District of Columbia,"Valley Trail, Brightwood Park, Washington, District of Columbia, 20015, United States of America",38.96654699999996,-77.04467199999996
110010018032001,District of Columbia,"1434, Somerset Place Northwest, Brightwood, Washington, District of Columbia, 20011, United States of America",38.96654699999996,-77.03467199999996
110010019013010,District of Columbia,"802, Somerset Place Northwest, Brightwood, Washington, District of Columbia, 20011, United States of America",38.96654699999996,-77.02467199999995
110010019022007,District of Columbia,"211, Sheridan Street Northwest, Brightwood, Washington, District of Columbia, 20011, United States of America",38.96654699999996,-77.01467199999995
110010095052005,District of Columbia,"100, Sheridan Street Northeast, Lamond Riggs, Washington, District of Columbia, 20011, United States of America",38.96654699999996,-77.00467199999994
110010015004006,District of Columbia,"3298, Arcadia Place Northwest, Cleveland Park, Washington, District of Columbia, 20015, United States of America",38.97654699999996,-77.06467199999997
110010015004000,District of Columbia,"6633, 31st Street Northwest, Barnaby Woods, Brightwood Park, Washington, District of Columbia, 20015, United States of America",38.97654699999996,-77.05467199999997
110010015001017,District of Columbia,"Western Ridge Trail, North Portal Estates, Brightwood Park, Washington, District of Columbia, 20012, United States of America",38.97654699999996,-77.04467199999996
110010016003014,District of Columbia,"Our Lady of Lebanon Maronite Seminary, Alaska Avenue Northwest, Shepherd Park, Washington, District of Columbia, 20012, United States of America",38.97654699999996,-77.03467199999996
110010103003008,District of Columbia,"7120, 8th Street Northwest, Takoma, Washington, District of Columbia, 20012, United States of America",38.97654699999996,-77.02467199999995
110010016004033,District of Columbia,"1859, Plymouth Street Northwest, Colonial Village, Brightwood Park, Washington, District of Columbia, 20012, United States of America",38.98654699999996,-77.04467199999996
110010016001011,District of Columbia,"1422, Leegate Road Northwest, Shepherd Park, Washington, District of Columbia, 20012, United States of America",38.98654699999996,-77.03467199999996
